排名,品名,評價,評論數,價格
#1,Teclado Básico Slim Preto Usb Multilaser- TC204,"4,3 de 5 estrelas",247,"R$26,50"
#2,Teclado Logitech K120 USB  PRETO - 920-004423,"4,8 de 5 estrelas",146,"R$59,09"
#3,Teclado Logitech K400 Plus Wireless - 920-007125,"4,7 de 5 estrelas",335,"R$133,90"
#4,"Teclado Multilaser Slim com Fio USB Teclas Silenciosas Preto - TC213, Multilaser, Teclados, Windows ou Mac OS, Preto","4,6 de 5 estrelas",37,"R$27,16"
#5,"Mini Teclado Sem fio Iluminado Touch 3 Cores Led Tv box, Ps4, xbox,","4,4 de 5 estrelas",113,"R$40,99"
#6,Teclado + Mouse Logitech MK345 Wireless Preto - 920-007821,"4,6 de 5 estrelas",108,"R$192,50"
#7,"OEX TC302 Teclado Rainbow, Preto","5,0 de 5 estrelas",1,"R$76,32"
#8,Teclado Com Fio 600 Usb Preto Microsoft - ANB00005,"4,8 de 5 estrelas",88,"R$101,91"
#9,Teclado sem Fio 850 USB Preto Microsoft - PZ300005,"4,6 de 5 estrelas",31,"R$137,42"
#10,Teclado Logitech K270  Wireless Preto - 920-004427,"4,3 de 5 estrelas",57,"R$119,90"
#11,Teclado Multilaser Slim Standard USB Preto - TC065,"3,4 de 5 estrelas",138,"R$24,25"
#12,Teclado e Suporte Logitech Wireless K375S Grafite-920-008167,"4,5 de 5 estrelas",112,"R$269,23"
#13,Teclado Multilaser Slim Preto Laser Usb - TC193,"4,0 de 5 estrelas",1,"R$18,83"
#14,Teclado Multimídia Dell KB216 - em Português,"4,6 de 5 estrelas",37,"R$119,00"
#15,Teclado + Mouse Logitech MK540 Wireless Preto - 920-008674,"4,7 de 5 estrelas",72,"R$272,24"
#16,Teclado Multilaser Usb Multimídia Chocolate Usb - TC143,"4,5 de 5 estrelas",13,"R$59,18"
#17,Mini Teclado Multilaser Slim Comfort Usb - TC154,"3,6 de 5 estrelas",81,"R$45,00"
#18,Teclado Multilaser Básico Chocolate Usb - TC142,"4,3 de 5 estrelas",33,"R$47,54"
#19,"Teclado Bluetooth Class, OEX, TC502, Teclados, Preto","4,9 de 5 estrelas",4,"R$132,20"
#20,Teclado Bluetooth Padrão Apple Imac Macbook Iphone,"3,2 de 5 estrelas",27,"R$118,90"
#21,Teclado Mecânico Motospeed CK62 Bluetooth Gamer Branco Switch Vermelho RGB,"5,0 de 5 estrelas",7,"R$383,41"
#22,Mini Teclado Iluminado Air Mouse Touch Wireless 3 Cores Led,"4,2 de 5 estrelas",100,"R$54,60"
#23,Mini Teclado Original Touch Pad Para Celular Pc Android Tv Smart Tv Box Mxq Mx9 4k,"4,2 de 5 estrelas",3.459,"R$39,99"
#24,Teclado Logitech K230 Wireless Preto - 920-004425,"4,7 de 5 estrelas",161,"R$103,00"
#25,Teclado Multimídia Usb Preto Multilaser- Tc206,"4,1 de 5 estrelas",20,"R$30,57"
#26,Teclado Logitech K480 Bluetooth Multi-device US 920-006348,"4,5 de 5 estrelas",95,"R$349,90"
#27,Teclado Gamer Usb 2.0 Led 3 Cores Anti Ghost Haiz Hz110 (PRETO),"3,4 de 5 estrelas",21,"R$31,98"
#28,"Teclado Numérico Multilaser Com Fio Usb 20 Teclas Preto - Tc229, Multilaser, Teclados, Windows 98/ ME/ 2000/ XP/Vista ou superior, Preto","4,0 de 5 estrelas",7,"R$29,90"
#29,Teclado Pop OEX Com Teclas Redondas Silenciosas com Apoio de Punho Plug & Play TC401 Branco,"4,2 de 5 estrelas",12,"R$75,02"
#30,Teclado Bluetooth para Pc Tablet e Smartphone sem fio,"4,2 de 5 estrelas",28,"R$118,90"
#31,"Teclado Gamer Com Hotkeys Multimida, Multilaser, Teclados, Preto/Verde","5,0 de 5 estrelas",5,"R$35,90"
#32,Teclado Mecânico Motospeed K82 Rosa Outemu Azul RGB,"5,0 de 5 estrelas",1,"R$340,57"
#33,"Teclado USB Gamer Vx Gaming Hydra 107 Teclas + 12 Multimídia com Backlight em 03 Cores Sensacao Tecla Mecanica, Vinik, 25370","3,8 de 5 estrelas",4,"R$92,83"
#34,"Teclado Basico Slim Laser USB Preto, Multilaser, TC193BU","4,4 de 5 estrelas",17,"R$32,79"
#35,"Teclado Usb, C3Tech, Kb2237-2, Teclados","4,1 de 5 estrelas",12,"R$31,55"
#36,Teclado Mecânico Motospeed K27 Preto Switch Vermelho Rainbow,"5,0 de 5 estrelas",1,"R$299,00"
#37,"Motospeed CK62 Teclado RGB Mecânico Bluetooth Gamer Switch Led Azul, Branco","5,0 de 5 estrelas",7,"R$383,59"
#38,Teclado Philips Luminoso Mecânico Usb Spk-8404,"4,4 de 5 estrelas",56,"R$199,00"
#39,Mini Teclado Air Mouse Touch Sem Fio Tv Box Wireless Com Luz Noturna,"5,0 de 5 estrelas",1,"R$54,70"
#40,"Tc308 pr c vm, oex, teclados, preto com vermelho.",,,"R$37,90"
#41,Teclado Flexível Silicone Resistente Aguá Usb P/Notebook,,,"R$48,50"
#42,"Teclado Cyborg Revolution Dazz, Outros acessórios para notebooks","4,2 de 5 estrelas",3,"R$229,90"
#43,"Teclado Gamer Dragon, VINIK, Teclados, Preto/ Azul","5,0 de 5 estrelas",2,"R$36,22"
#44,Teclado Mecânico Motospeed CK62 Bluetooth Preto switch Azul RGB,"5,0 de 5 estrelas",7,"R$383,69"
#45,Mini Teclado Wireless Tv Box Pc Android Tv Smart,"4,2 de 5 estrelas",32,"R$36,00"
#46,Docooler 2.4 Portátil Mini Flexível Roll Up Resistente À Água Silicone Silencioso Lavável Teclado Sem Fio com Receptor USB para PC Tablet Computador Portátil,"5,0 de 5 estrelas",1,"R$108,79"
#47,Mini Teclado Sem Fio Com Touchpad Mouse Ideal Para Smart Tv Pc Notebook,"3,4 de 5 estrelas",6,"R$29,99"
#48,"TECLADO MECÂNICO HP- GK320 BLACK ABNT2 - SWITCH BLUE, HP, 30620","5,0 de 5 estrelas",1,"R$249,99"
#49,Teclado mêcanico Gamer Logitech G613 - 920-008387,"4,1 de 5 estrelas",37,"R$759,99"
#50,Teclado Action Gamer Multimidia USB Iluminado 3 Cores BK-G35,"4,7 de 5 estrelas",4,"R$69,00"
#51,Teclado Multilaser Básico Slim Preto Com Conector Ps/2 Preto - TC225,"3,3 de 5 estrelas",3,"R$29,54"
#52,"C3TECH CETech K-W40 Kit Teclado E Mouse Sem Fio, Preto, Amarelo","3,3 de 5 estrelas",14,"R$99,37"
#53,"TM303 COMBO BRAVE, OEX, Mouses, Preto com cinza",,,"R$89,00"
#54,"TC500 PRETO, OEX, Teclados, PRETO","3,9 de 5 estrelas",12,"R$155,00"
#55,Docooler HXSJ Teclado de Membrana de Uma Mão 35 Teclas com Backlight Único Mão Teclado Gaming Design Ergonômico e Botão Anti-fantasma,,,"R$104,39"
#56,"Apoio Para Pulso Para Teclado Em Gel Para Teclado Com Acabamento Em Tecido Preto - Apg-10P, Vinik, 30985",,,"R$55,90"
#57,"OEX TC503 Teclado touch premium, Cinza","3,5 de 5 estrelas",7,"R$212,21"
#58,"Fortrek Spider Venom 2 GK-705 Teclado Gamer Multimídia, Preto/Vermelho","4,5 de 5 estrelas",73,"R$113,99"
#59,Teclado flat.,"1,0 de 5 estrelas",1,"R$48,36"
#60,Teclado sem Fio com Touchpad Integrado USB Preto Microsoft - N9Z00005,"4,5 de 5 estrelas",21,"R$423,59"
#61,Mini Teclado Wireless Keyboard com Touchpad Com Led Usb Android Console e Tv,"4,5 de 5 estrelas",11,"R$54,70"
#62,"Capa de couro roxo BigFamily e teclado micro USB para tablet de 10,1 polegadas PC genuíno",,,"R$99,99"
#63,"Teclado BlackWidow Essential, Razer, Teclados, Preto","5,0 de 5 estrelas",4,"R$799,99"
#64,"Motospeed GK82 Teclado Mecânico Wireless Gamer Switch Outemu Led Branco, Rosa","5,0 de 5 estrelas",2,"R$442,90"
#65,"Teclado K30 Gamer, Corsair, Teclados",,,"R$249,99"
#66,"Kit Teclado e Mouse sem Fio, HP, Teclados","4,0 de 5 estrelas",13,
#67,Teclado Gamer Logitech G213 Prodigy - - 920-008083,"4,5 de 5 estrelas",1.834,"R$389,90"
#68,Teclado Mecânico Motospeed CK101 Gamer Branco Compacto Switch Vermelho RGB,"5,0 de 5 estrelas",2,"R$367,82"
#69,Mini Teclado Mouse Touchpad Wireless Bluetooth Iluminado Wifi Sem Fio I8.LED Tv Smart Box Usb Preto,"4,0 de 5 estrelas",55,"R$54,70"
#70,Teclado Bluetooth Universal sem Fio Ipad Iphone Computador Android Mac Note,"3,6 de 5 estrelas",16,"R$118,90"
#71,Teclado Philips Gamer Mecânico Luminoso Usb Spk8413,"4,0 de 5 estrelas",15,"R$175,98"
#72,"Teclado Usb Padrão, C3Tech, Kb-12Bk, Teclados","3,8 de 5 estrelas",15,"R$30,26"
#73,Apoio de Punho para Teclado em Espuma Preto 1156 1 UN Work Class,"5,0 de 5 estrelas",2,"R$24,77"
#74,Teclado Design By Apple Bluetooth Pc Mac Tablet Ios Android Com Ç,"3,2 de 5 estrelas",14,"R$118,90"
#75,"Teclado Gamer Com Hotkeys Multimida, Multilaser, Teclados, Preto/Vermelho","4,4 de 5 estrelas",10,"R$37,90"
#76,Teclado Gamer Slim USB Retroiluminado LED Pc Notebook Windows Mac Teclas tipo Chocolate Impermeável Silencioso,"4,0 de 5 estrelas",2,"R$75,00"
#77,Mini Teclado Sem Fio c/LEDs Smart/TV BOX,"4,4 de 5 estrelas",49,"R$54,70"
#78,"Teclado Bluetooth 3 em 1 para Android iOS e Windows, Multilaser, TC220, Teclados, Android, iOS e Windows, Preto","3,5 de 5 estrelas",27,
#79,Teclado mini flat tc301,"3,0 de 5 estrelas",1,"R$49,14"
#80,"Teclado Gamer Dragon, VINIK, Teclados, Preto/ Vermelho","5,0 de 5 estrelas",2,"R$32,70"
#81,Teclado Mecânico Para Games Com Fio Usb Spk8403 Philips,"4,8 de 5 estrelas",73,"R$221,99"
#82,Teclado Sem Fio Bluetooth Pc Mac Tablet Ios Android Prata,"3,6 de 5 estrelas",6,"R$118,90"
#83,"Teclado Numérico Multilaser Com Cabo Retrátil Usb 20 Teclas Preto - Tc230, Multilaser, Teclados, Windows 98/ ME/ 2000/ XP/Vista ou superior, Preto","4,5 de 5 estrelas",2,"R$29,90"
#84,"Teclado Multimídia, Multilaser, Teclados, Preto","5,0 de 5 estrelas",1,"R$49,90"
#85,"Teclado Multimídia Usb, Maxprint","4,5 de 5 estrelas",2,"R$40,92"
#86,Kit Gamer Teclado Usb Gamer Gk-100bk + Mouse Gamer Usb Gk-100bk + Fone Game Gk-100bk C3tech,"5,0 de 5 estrelas",1,"R$185,21"
#87,Teclado Controlador M-Audio Keystation 49 MK3 49 Teclas MIDI USB Keyrig Criação Musical e Performance Baseada em Computador Nova Versao,,,"R$1.105,00"
#88,"Multilaser TC189 Teclado Profissional Gamer com LED USB, Preto/Prata",,,"R$139,99"
#89,Teclado Mecânico Motospeed K82 Preto Outemu Vermelho RGB,"5,0 de 5 estrelas",4,
#90,Teclado Gamer Iluminado USB 7 cores LED KG748 Gamemax,,,"R$69,00"
#91,Apoio de Punho Ergonômico p/Teclado Preto 1122 Work Class,,,"R$29,00"
#92,Teclado Arranjador PSR-E463 Preto YAMAHA,"5,0 de 5 estrelas",10,"R$1.819,00"
#93,"Teclado Gamer Death Machine, Elg, Teclados",,,"R$219,90"
#94,"Teclado Arranjador, Yamaha, PSR-E263, Preto","4,8 de 5 estrelas",6,"R$1.029,00"
#95,"Teclado Mecânico RGB para Jogos Logitech G512 Carbon Tactile ABNT2, Logitech G, Teclados","5,0 de 5 estrelas",5,"R$599,90"
#96,"Teclado Gamer Dragon, VINIK, Teclados, Preto/ Verde","5,0 de 5 estrelas",2,"R$54,45"
#97,"Teclado Gamer Dragon War 10 Multimídia TGDW, Elg, 7898378708696, Preto",,,
#98,TECLADO GAMER MEC RBW FORTREK BLACK HAWK,,,"R$189,90"
#99,"Teclado e Mouse Tt Esports Gaming Combo, Thermaltake, Kb-Gck-Plblpb-01, Acessórios para Computador, Colorido",,,"R$489,40"
#100,Teclado Mecânico Gamer Redragon Dark Avenger Switch Outemu Blue RGB ABNT2 - K568RGB-1,"5,0 de 5 estrelas",21,"R$389,89"
